{"stats":{"minecraft:dropped":{"minecraft:coarse_dirt":4},"minecraft:picked_up":{"minecraft:coarse_dirt":4,"minecraft:arrow":4,"minecraft:bone":4,"minecraft:rotten_flesh":3,"minecraft:gunpowder":36,"minecraft:dirt":5},"minecraft:custom":{"minecraft:time_since_rest":36750,"minecraft:crouch_one_cm":837,"minecraft:sprint_one_cm":30631,"minecraft:play_time":36750,"minecraft:walk_one_cm":73396,"minecraft:sneak_time":440,"minecraft:mob_kills":59,"minecraft:drop":4,"minecraft:damage_dealt_resisted":0,"minecraft:jump":344,"minecraft:damage_dealt":13601,"minecraft:leave_game":7,"minecraft:walk_on_water_one_cm":170,"minecraft:time_since_death":36750,"minecraft:total_world_time":36750,"minecraft:hex":0,"minecraft:fall_one_cm":418,"minecraft:fly_one_cm":73557},"minecraft:killed":{"minecraft:skeleton":3,"minecraft:zombie":3,"minecraft:creeper":52,"minecraft:enderman":1},"minecraft:used":{"minecraft:creeper_spawn_egg":77,"minecraft:stone_sword":299,"minecraft:dirt":2,"minecraft:sand":4,"travelersbackpack:standard":1,"create:shaft":4,"create:cogwheel":1,"create:gearbox":4,"wizards:wand_fire":3,"create:hand_crank":1,"create:large_cogwheel":7},"minecraft:mined":{"minecraft:grass_block":5}},"DataVersion":3465}