{"stats":{"minecraft:killed":{"minecraft:creeper":44},"minecraft:picked_up":{"minecraft:coarse_dirt":4,"minecraft:gunpowder":32,"minecraft:dirt":5},"minecraft:custom":{"minecraft:time_since_rest":31293,"minecraft:crouch_one_cm":463,"minecraft:sprint_one_cm":10243,"minecraft:play_time":31293,"minecraft:walk_one_cm":51354,"minecraft:sneak_time":289,"minecraft:mob_kills":44,"minecraft:drop":4,"minecraft:jump":247,"minecraft:damage_dealt":10730,"minecraft:leave_game":3,"minecraft:walk_on_water_one_cm":170,"minecraft:time_since_death":31293,"minecraft:total_world_time":31293,"minecraft:hex":0,"minecraft:fall_one_cm":418,"minecraft:fly_one_cm":51194},"minecraft:mined":{"minecraft:grass_block":5},"minecraft:dropped":{"minecraft:coarse_dirt":4},"minecraft:used":{"minecraft:creeper_spawn_egg":71,"minecraft:dirt":2,"minecraft:stone_sword":234,"minecraft:sand":4,"travelersbackpack:standard":1,"create:shaft":4,"create:cogwheel":1,"create:gearbox":4,"create:hand_crank":1,"create:large_cogwheel":7}},"DataVersion":3465}