{"stats":{"minecraft:killed":{"minecraft:creeper":31},"minecraft:picked_up":{"minecraft:coarse_dirt":4,"minecraft:gunpowder":21,"minecraft:dirt":5},"minecraft:custom":{"minecraft:time_since_rest":14468,"minecraft:crouch_one_cm":316,"minecraft:sprint_one_cm":6744,"minecraft:play_time":14468,"minecraft:walk_one_cm":32120,"minecraft:sneak_time":75,"minecraft:mob_kills":31,"minecraft:drop":4,"minecraft:jump":171,"minecraft:damage_dealt":7730,"minecraft:leave_game":2,"minecraft:time_since_death":14468,"minecraft:total_world_time":14468,"minecraft:hex":0,"minecraft:fall_one_cm":418,"minecraft:fly_one_cm":16155},"minecraft:mined":{"minecraft:grass_block":5},"minecraft:dropped":{"minecraft:coarse_dirt":4},"minecraft:used":{"minecraft:creeper_spawn_egg":46,"minecraft:dirt":2,"minecraft:stone_sword":169}},"DataVersion":3465}