{"stats":{"minecraft:dropped":{"minecraft:coarse_dirt":4,"minecraft:stone_pickaxe":4},"minecraft:picked_up":{"minecraft:coarse_dirt":4,"minecraft:brown_mushroom":4,"minecraft:red_mushroom":12,"twigs:bamboo_leaves":2,"promenade:blush_sakura_sapling":6,"minecraft:gunpowder":39,"techreborn:rubber_sapling":2,"minecraft:string":2,"minecraft:dirt":62,"bewitchment:garlic":1,"minecraft:bone":4,"minecraft:arrow":4,"botania:cyan_mystical_flower":1,"minecraft:rotten_flesh":4,"promenade:sakura_log":15,"minecraft:wheat_seeds":1,"techreborn:rubber_log":6,"minecraft:stone_pickaxe":1,"minecraft:rose_bush":1,"minecraft:calcite":2,"minecraft:oak_sapling":1,"minecraft:bamboo":11,"twigs:twig":2,"minecraft:cobblestone":39},"minecraft:custom":{"minecraft:time_since_rest":9213,"minecraft:sprint_one_cm":83991,"minecraft:damage_taken":426,"minecraft:walk_one_cm":97080,"minecraft:mob_kills":64,"minecraft:drop":8,"minecraft:damage_dealt":14704,"minecraft:interact_with_crafting_table":6,"minecraft:fly_one_cm":136546,"minecraft:crouch_one_cm":3679,"minecraft:play_time":48750,"minecraft:deaths":1,"minecraft:sneak_time":1037,"minecraft:jump":583,"minecraft:damage_dealt_resisted":0,"minecraft:leave_game":7,"minecraft:time_since_death":9178,"minecraft:walk_on_water_one_cm":2333,"minecraft:total_world_time":48750,"minecraft:hex":0,"minecraft:fall_one_cm":6403},"minecraft:crafted":{"minecraft:crafting_table":1,"promenade:sakura_planks":20,"minecraft:stick":25,"minecraft:stone_pickaxe":4,"minecraft:wooden_pickaxe":1,"minecraft:stone_sword":1,"minecraft:stone_axe":1},"minecraft:killed":{"minecraft:skeleton":3,"minecraft:zombie":6,"minecraft:creeper":54,"minecraft:enderman":1},"minecraft:used":{"minecraft:creeper_spawn_egg":123,"minecraft:rose_bush":1,"minecraft:stone_sword":330,"create:gearbox":4,"minecraft:stone_pickaxe":15,"wizards:wand_fire":3,"minecraft:wooden_pickaxe":26,"botania:cyan_mystical_flower":1,"minecraft:stone_axe":16,"minecraft:dirt":2,"minecraft:sand":4,"travelersbackpack:standard":1,"create:shaft":4,"minecraft:crafting_table":1,"minecraft:oak_sapling":1,"create:cogwheel":1,"create:hand_crank":1,"create:large_cogwheel":7},"minecraft:killed_by":{"minecraft:creeper":1},"minecraft:mined":{"botania:cyan_mystical_flower":1,"treechop:chopped_log":3,"promenade:blush_sakura_blossoms":7,"minecraft:grass":6,"minecraft:calcite":2,"minecraft:grass_block":5,"minecraft:rose_bush":1,"minecraft:tall_grass":3,"minecraft:bamboo":1,"minecraft:stone":39,"minecraft:red_mushroom":1,"minecraft:oak_leaves":10,"minecraft:fern":2}},"DataVersion":3465}