{"stats":{"minecraft:picked_up":{"minecraft:coarse_dirt":4,"minecraft:bone":3,"minecraft:arrow":4,"minecraft:gunpowder":34,"minecraft:dirt":5},"minecraft:killed":{"minecraft:skeleton":2,"minecraft:creeper":46,"minecraft:enderman":1},"minecraft:custom":{"minecraft:time_since_rest":32943,"minecraft:crouch_one_cm":463,"minecraft:sprint_one_cm":13473,"minecraft:play_time":32943,"minecraft:walk_one_cm":57352,"minecraft:sneak_time":316,"minecraft:mob_kills":49,"minecraft:drop":4,"minecraft:damage_dealt_resisted":0,"minecraft:jump":275,"minecraft:damage_dealt":11819,"minecraft:leave_game":4,"minecraft:walk_on_water_one_cm":170,"minecraft:time_since_death":32943,"minecraft:total_world_time":32943,"minecraft:hex":0,"minecraft:fall_one_cm":418,"minecraft:fly_one_cm":58387},"minecraft:mined":{"minecraft:grass_block":5},"minecraft:dropped":{"minecraft:coarse_dirt":4},"minecraft:used":{"minecraft:creeper_spawn_egg":74,"minecraft:stone_sword":257,"minecraft:dirt":2,"minecraft:sand":4,"travelersbackpack:standard":1,"create:shaft":4,"create:cogwheel":1,"create:gearbox":4,"create:hand_crank":1,"create:large_cogwheel":7}},"DataVersion":3465}